City_ID,City,Country,Date,Lat,Lng,Max Temp,Humidity,Cloudiness,Wind Speed,Current Description
0,Albany,US,2021-11-24 18:11:14,42.6001,-73.9662,41.67,48,2,1.01,clear sky
1,Vaini,TO,2021-11-24 18:15:20,-21.2,-175.2,71.76,100,40,2.3,scattered clouds
2,Vangaindrano,MG,2021-11-24 18:15:20,-23.35,47.6,74.89,95,86,5.17,light rain
3,Hofn,IS,2021-11-24 18:15:21,64.2539,-15.2082,30.22,51,40,25.32,scattered clouds
4,Saint-Augustin,CA,2021-11-24 18:15:21,51.226,-58.6502,45.36,98,100,13.22,overcast clouds
5,Bredasdorp,ZA,2021-11-24 18:15:22,-34.5322,20.0403,63.28,69,0,15.99,clear sky
6,Malakal,SS,2021-11-24 18:15:22,9.5334,31.6605,84.47,29,31,7.05,scattered clouds
7,Rikitea,PF,2021-11-24 18:15:23,-23.1203,-134.9692,76.64,75,100,14.54,overcast clouds
8,Chimore,BO,2021-11-24 18:15:23,-16.9833,-65.1333,82.83,71,100,3.78,overcast clouds
9,Atuona,PF,2021-11-24 18:15:24,-9.8,-139.0333,77.22,80,73,12.71,light rain
10,Mataura,NZ,2021-11-24 18:15:24,-46.1927,168.8643,46.4,91,98,2.37,overcast clouds
11,Ciudad Bolivar,VE,2021-11-24 18:15:24,8.1222,-63.5497,94.06,40,74,7.54,broken clouds
12,Bambous Virieux,MU,2021-11-24 18:15:25,-20.3428,57.7575,77.22,83,20,5.75,few clouds
13,Gasa,PS,2021-11-24 18:13:15,31.5,34.4667,66.9,70,63,7.47,broken clouds
14,Lebu,CL,2021-11-24 18:15:25,-37.6167,-73.65,61.14,74,91,10.29,overcast clouds
15,Pauini,BR,2021-11-24 18:15:26,-7.7136,-66.9764,83.41,82,99,3.22,heavy intensity rain
16,Ushuaia,AR,2021-11-24 18:15:26,-54.8,-68.3,49.66,53,40,21.85,scattered clouds
17,Iqaluit,CA,2021-11-24 18:15:27,63.7506,-68.5145,26.33,68,75,20.0,broken clouds
18,Baijiantan,CN,2021-11-24 18:15:27,45.6333,85.1833,32.31,54,81,3.65,broken clouds
19,Nieves,PH,2021-11-24 18:15:27,15.3274,120.9485,75.18,85,93,2.06,overcast clouds
20,Leningradskiy,RU,2021-11-24 18:15:28,69.3833,178.4167,-14.94,93,100,4.18,overcast clouds
21,Srednekolymsk,RU,2021-11-24 18:15:28,67.45,153.6833,-13.95,99,100,4.79,overcast clouds
22,Tolaga Bay,NZ,2021-11-24 18:15:28,-38.3667,178.3,52.52,78,68,4.25,broken clouds
23,Jamestown,US,2021-11-24 18:10:40,42.097,-79.2353,44.19,40,1,5.01,clear sky
24,Cape Town,ZA,2021-11-24 18:14:38,-33.9258,18.4232,72.27,48,0,21.36,clear sky
25,Saint-Philippe,RE,2021-11-24 18:15:29,-21.3585,55.7679,78.39,79,55,10.18,broken clouds
26,Port Elizabeth,ZA,2021-11-24 18:15:30,-33.918,25.5701,61.09,77,20,5.75,few clouds
27,Cody,US,2021-11-24 18:12:46,44.5263,-109.0565,36.64,77,1,0.0,snow
28,Port Alfred,ZA,2021-11-24 18:15:30,-33.5906,26.891,62.49,72,98,10.45,overcast clouds
29,Punta Arenas,CL,2021-11-24 18:12:41,-53.15,-70.9167,48.11,61,55,12.68,broken clouds
30,Georgetown,MY,2021-11-24 18:15:12,5.4112,100.3354,82.33,93,40,1.01,thunderstorm with heavy rain
31,Sobolevo,RU,2021-11-24 18:15:31,54.4299,31.8996,33.37,91,96,14.41,overcast clouds
32,Kavieng,PG,2021-11-24 18:15:31,-2.5744,150.7967,82.72,72,60,12.12,broken clouds
33,Hobart,AU,2021-11-24 18:15:02,-42.8794,147.3294,56.26,87,40,0.0,scattered clouds
34,Nyurba,RU,2021-11-24 18:15:32,63.2842,118.3319,-1.48,88,100,4.9,overcast clouds
35,Yellowknife,CA,2021-11-24 18:15:11,62.456,-114.3525,-7.58,82,20,3.0,few clouds
36,Saskylakh,RU,2021-11-24 18:12:12,71.9167,114.0833,-14.8,93,69,10.74,broken clouds
37,Torbay,CA,2021-11-24 18:15:33,47.6666,-52.7314,51.28,98,90,17.27,light intensity drizzle
38,Longyearbyen,SJ,2021-11-24 18:15:33,78.2186,15.6401,1.24,66,20,12.66,few clouds
39,Adana,TR,2021-11-24 18:15:33,36.985,35.2881,62.62,77,75,2.3,broken clouds
40,Hithadhoo,MV,2021-11-24 18:15:34,-0.6,73.0833,82.26,74,100,17.98,overcast clouds
41,Ilulissat,GL,2021-11-24 18:15:34,69.2167,-51.1,30.22,80,75,16.11,light snow
42,Puerto Ayora,EC,2021-11-24 18:15:35,-0.7393,-90.3518,82.36,69,81,10.51,broken clouds
43,Busselton,AU,2021-11-24 18:15:35,-33.65,115.3333,59.09,75,35,12.24,scattered clouds
44,Victoria,HK,2021-11-24 18:11:49,22.2855,114.1577,67.24,76,4,1.99,clear sky
45,Provideniya,RU,2021-11-24 18:12:16,64.3833,-173.3,2.64,78,35,4.79,scattered clouds
46,Butaritari,KI,2021-11-24 18:15:36,3.0707,172.7902,82.0,67,70,15.82,broken clouds
47,Brae,GB,2021-11-24 18:15:36,60.3964,-1.353,44.51,75,66,22.53,broken clouds
48,Buala,SB,2021-11-24 18:15:36,-8.145,159.5921,80.37,81,53,7.29,broken clouds
49,Severo-Kurilsk,RU,2021-11-24 18:15:37,50.6789,156.125,38.01,98,100,16.82,moderate rain
50,Ponta Do Sol,PT,2021-11-24 18:15:37,32.6667,-17.1,65.12,59,85,10.07,overcast clouds
51,Nome,US,2021-11-24 18:15:38,64.5011,-165.4064,3.27,51,1,0.0,clear sky
52,Anadyr,RU,2021-11-24 18:15:38,64.75,177.4833,-14.01,75,0,11.01,clear sky
53,Tonota,BW,2021-11-24 18:15:39,-21.4833,27.4833,74.28,45,2,13.73,clear sky
54,Ipilan,PH,2021-11-24 18:15:39,8.8431,117.9033,78.55,88,100,6.98,overcast clouds
55,Osmena,PH,2021-11-24 18:15:39,10.5208,119.9258,82.98,78,100,17.78,overcast clouds
56,Luanda,AO,2021-11-24 18:15:40,-8.8368,13.2343,78.8,78,20,11.5,few clouds
57,Hirara,JP,2021-11-24 18:15:40,24.8,125.2833,70.52,64,45,13.38,scattered clouds
58,Fantino,DO,2021-11-24 18:15:40,19.1215,-70.2997,90.91,52,43,4.34,scattered clouds
59,Bol,TD,2021-11-24 18:15:41,13.4586,14.7147,82.65,38,1,13.33,clear sky
60,San Lazaro,BZ,2021-11-24 18:15:41,18.0387,-88.6622,83.98,68,33,5.59,scattered clouds
61,Auki,SB,2021-11-24 18:15:15,-8.7676,160.7034,76.86,88,25,4.63,scattered clouds
62,Harqalah,TN,2021-11-24 18:15:42,36.0303,10.509,66.06,77,40,9.22,scattered clouds
63,Chulman,RU,2021-11-24 18:15:42,56.8479,124.9104,-20.54,100,81,0.92,broken clouds
64,Moranbah,AU,2021-11-24 18:15:42,-22.0016,148.0466,73.15,85,100,7.87,overcast clouds
65,Qaanaaq,GL,2021-11-24 18:15:43,77.484,-69.3632,-5.57,55,0,9.01,clear sky
66,Saint-Joseph,RE,2021-11-24 18:15:43,-21.3667,55.6167,77.38,79,61,4.5,broken clouds
67,Bengkulu,ID,2021-11-24 18:15:44,-3.8004,102.2655,75.56,78,98,4.41,overcast clouds
68,Kodiak,US,2021-11-24 18:15:44,57.79,-152.4072,20.71,63,90,14.97,overcast clouds
69,Barentu,ER,2021-11-24 18:15:45,15.1139,37.5928,77.14,31,9,12.5,clear sky
70,Skelleftea,SE,2021-11-24 18:15:45,64.7507,20.9528,19.76,93,90,5.75,snow
71,Broken Hill,AU,2021-11-24 18:15:46,-31.95,141.4333,64.2,93,100,12.15,light rain
72,Kaeo,NZ,2021-11-24 18:15:46,-35.1,173.7833,61.32,95,82,3.56,broken clouds
73,New Norfolk,AU,2021-11-24 18:15:46,-42.7826,147.0587,55.92,64,45,3.0,scattered clouds
74,Dickinson,US,2021-11-24 18:15:47,29.4608,-95.0513,77.22,69,90,5.01,overcast clouds
75,Clyde River,CA,2021-11-24 18:15:47,70.4692,-68.5914,10.63,85,100,21.85,light snow
76,Ponta Delgada,PT,2021-11-24 18:15:48,37.7333,-25.6667,66.51,72,75,13.8,broken clouds
77,Lagoa,PT,2021-11-24 18:15:48,39.05,-27.9833,63.55,81,92,35.21,overcast clouds
78,Coburg,DE,2021-11-24 18:15:48,50.2667,10.9667,39.18,92,6,2.44,clear sky
79,Hirosaki,JP,2021-11-24 18:15:49,40.5931,140.4725,42.67,77,97,7.94,overcast clouds
80,Ancud,CL,2021-11-24 18:15:49,-41.8697,-73.8203,68.43,87,97,11.03,overcast clouds
81,Saldanha,ZA,2021-11-24 18:15:49,-33.0117,17.9442,64.74,68,1,24.52,clear sky
82,Carnarvon,AU,2021-11-24 18:15:50,-24.8667,113.6333,69.87,78,0,9.22,clear sky
83,Tasiilaq,GL,2021-11-24 18:15:50,65.6145,-37.6368,26.76,91,100,5.06,overcast clouds
84,Kruisfontein,ZA,2021-11-24 18:15:51,-34.0033,24.7314,57.88,78,65,5.61,broken clouds
85,Arraial Do Cabo,BR,2021-11-24 18:15:51,-22.9661,-42.0278,78.76,73,0,8.05,clear sky
86,Balikpapan,ID,2021-11-24 18:15:51,-1.2675,116.8289,74.86,92,90,4.41,overcast clouds
87,Guadalajara,MX,2021-11-24 18:11:03,20.6667,-103.3333,74.97,29,20,9.22,few clouds
88,Rocha,UY,2021-11-24 18:15:52,-34.4833,-54.3333,85.53,25,0,11.63,clear sky
89,Chuy,UY,2021-11-24 18:15:53,-33.6971,-53.4616,80.67,30,0,9.24,clear sky
90,Mahebourg,MU,2021-11-24 18:15:53,-20.4081,57.7,77.25,83,20,5.75,few clouds
91,Namatanai,PG,2021-11-24 18:15:53,-3.6667,152.4333,79.57,80,90,6.38,light rain
92,Nagyvenyim,HU,2021-11-24 18:15:54,46.9561,18.859,33.55,61,0,6.17,clear sky
93,Pirgos,GR,2021-11-24 18:15:54,35.1167,25.7178,62.62,77,86,7.87,overcast clouds
94,Babu,CN,2021-11-24 18:15:54,24.4167,111.5167,53.6,64,99,2.59,overcast clouds
95,Oum Hadjer,TD,2021-11-24 18:15:55,13.2954,19.6966,82.6,12,35,7.54,scattered clouds
96,La Asuncion,VE,2021-11-24 18:15:55,11.0333,-63.8628,87.53,62,98,14.97,overcast clouds
97,Dikson,RU,2021-11-24 18:15:56,73.5069,80.5464,8.06,89,99,7.65,overcast clouds
98,Sitka,US,2021-11-24 18:15:56,57.0531,-135.33,42.69,75,90,24.16,light rain
99,Mizdah,LY,2021-11-24 18:15:57,31.4451,12.9801,63.39,42,26,3.96,scattered clouds
100,Narsaq,GL,2021-11-24 18:15:57,60.9167,-46.05,32.22,98,100,10.36,heavy snow
101,Mwinilunga,ZM,2021-11-24 18:15:58,-11.7358,24.4293,62.64,92,79,2.59,light rain
102,Khatanga,RU,2021-11-24 18:15:58,71.9667,102.5,-11.04,95,62,4.54,broken clouds
103,Maragogi,BR,2021-11-24 18:15:58,-9.0122,-35.2225,84.16,63,8,12.06,clear sky
104,Hilo,US,2021-11-24 18:14:25,19.7297,-155.09,75.61,70,75,6.91,light rain
105,Barrow,US,2021-11-24 18:15:59,71.2906,-156.7887,-2.18,71,75,11.5,broken clouds
106,Baglung,NP,2021-11-24 18:15:59,28.2719,83.5898,56.77,87,86,2.24,overcast clouds
107,Sfantu Gheorghe,RO,2021-11-24 18:11:34,45.8667,25.7833,35.26,80,4,1.52,clear sky
108,Henties Bay,NA,2021-11-24 18:16:00,-22.116,14.2845,60.85,83,41,6.29,scattered clouds
109,Kachiry,KZ,2021-11-24 18:16:00,53.0675,76.1036,22.33,97,100,4.09,overcast clouds
110,Pevek,RU,2021-11-24 18:16:00,69.7008,170.3133,-22.85,98,100,2.71,overcast clouds
111,Lavrentiya,RU,2021-11-24 18:16:01,65.5833,-171.0,-4.41,91,22,8.32,few clouds
112,Massakory,TD,2021-11-24 18:16:01,12.996,15.7293,86.02,13,4,10.58,clear sky
113,Marawi,PH,2021-11-24 18:16:02,7.9986,124.2928,67.64,93,97,1.86,overcast clouds
114,Los Llanos De Aridane,ES,2021-11-24 18:11:39,28.6585,-17.9182,67.75,88,40,1.99,volcanic ash
115,Sturgeon Bay,US,2021-11-24 18:16:02,44.8342,-87.377,46.38,57,1,11.5,clear sky
116,Boca Do Acre,BR,2021-11-24 18:16:03,-8.7522,-67.3978,89.67,53,100,3.42,overcast clouds
117,Tiksi,RU,2021-11-24 18:16:03,71.6872,128.8694,-13.02,94,56,5.93,broken clouds
118,Spornoye,RU,2021-11-24 18:16:03,50.8448,37.2913,26.62,50,26,12.8,scattered clouds
119,Dudinka,RU,2021-11-24 18:16:04,69.4058,86.1778,14.18,91,100,13.6,overcast clouds
120,Araouane,ML,2021-11-24 18:16:04,18.9048,-3.5265,84.24,24,10,8.63,clear sky
121,Luderitz,NA,2021-11-24 18:16:04,-26.6481,15.1594,64.78,72,5,17.74,clear sky
122,Tsaratanana,MG,2021-11-24 18:16:05,-16.7833,47.65,79.14,79,89,6.29,light rain
123,Kapaa,US,2021-11-24 18:16:05,22.0752,-159.319,73.38,92,20,6.91,few clouds
124,Ribeira Grande,PT,2021-11-24 18:16:05,38.5167,-28.7,66.6,77,75,28.77,broken clouds
125,Bilibino,RU,2021-11-24 18:16:06,68.0546,166.4372,-12.73,92,100,1.79,overcast clouds
126,Constitucion,CL,2021-11-24 18:16:06,-35.3333,-72.4167,62.06,72,83,14.12,broken clouds
127,Nueva Italia De Ruiz,MX,2021-11-24 18:16:07,19.0167,-102.1,83.84,48,2,2.42,clear sky
128,Nevel,RU,2021-11-24 18:16:07,56.0209,29.9284,35.78,90,100,9.8,overcast clouds
129,Sundargarh,IN,2021-11-24 18:16:07,22.1167,84.0333,68.61,64,0,2.44,clear sky
130,Okha,RU,2021-11-24 18:16:08,53.5739,142.9478,29.77,95,94,3.98,overcast clouds
131,Nikolskoye,RU,2021-11-24 18:16:08,59.7035,30.7861,33.87,68,97,10.29,overcast clouds
132,Cayenne,GF,2021-11-24 18:16:09,4.9333,-52.3333,87.84,82,20,1.99,few clouds
133,Bohuslav,UA,2021-11-24 18:16:09,49.5494,30.8744,33.24,76,57,7.38,broken clouds
134,Talnakh,RU,2021-11-24 18:16:10,69.4865,88.3972,10.89,94,99,7.58,overcast clouds
135,Port Hardy,CA,2021-11-24 18:16:12,50.6996,-127.4199,44.6,88,100,22.08,light rain
136,Kutum,SD,2021-11-24 18:16:13,14.2,24.6667,68.4,13,7,8.9,clear sky
137,San Cristobal,VE,2021-11-24 18:16:13,7.7669,-72.225,77.18,81,85,3.58,overcast clouds
138,Warwick,US,2021-11-24 18:16:13,41.7001,-71.4162,44.22,36,1,11.5,clear sky
139,Margate,GB,2021-11-24 18:16:14,51.3813,1.3862,45.7,85,79,5.03,broken clouds
140,Bandarbeyla,SO,2021-11-24 18:16:14,9.4942,50.8122,82.02,68,82,19.89,broken clouds
141,Souillac,MU,2021-11-24 18:16:14,-20.5167,57.5167,77.36,83,20,5.75,few clouds
142,Chokurdakh,RU,2021-11-24 18:16:15,70.6333,147.9167,-12.62,98,100,5.7,overcast clouds
143,Turukhansk,RU,2021-11-24 18:16:15,65.8167,87.9833,7.47,94,99,9.31,overcast clouds
144,Bayanday,RU,2021-11-24 18:16:16,53.0661,105.5139,11.64,98,100,4.25,overcast clouds
145,Klaksvik,FO,2021-11-24 18:16:16,62.2266,-6.589,40.12,84,98,48.74,overcast clouds
146,Komsomolskiy,UZ,2021-11-24 18:16:16,40.4272,71.7189,45.82,56,48,4.61,haze
147,Zeya,RU,2021-11-24 18:16:17,53.75,127.2667,17.01,61,87,6.73,overcast clouds
148,Villazon,BO,2021-11-24 18:16:17,-22.0866,-65.5942,68.83,31,94,10.92,overcast clouds
149,Buraydah,SA,2021-11-24 18:16:17,26.326,43.975,66.65,40,0,11.79,clear sky
150,Antofagasta,CL,2021-11-24 18:16:18,-23.65,-70.4,70.21,52,34,9.55,scattered clouds
151,Ambunti,PG,2021-11-24 18:16:18,-4.2365,142.8448,72.59,99,100,2.04,overcast clouds
152,Ulaanbaatar,MN,2021-11-24 18:11:35,47.9077,106.8832,-2.07,78,0,4.47,clear sky
153,Port Macquarie,AU,2021-11-24 18:11:55,-31.4333,152.9167,69.89,100,90,8.05,light rain
154,Binga,ZW,2021-11-24 18:16:19,-17.6203,27.3414,81.5,50,84,6.13,broken clouds
155,Orcopampa,PE,2021-11-24 18:16:19,-15.2661,-72.3417,52.48,73,98,4.52,overcast clouds
156,Avera,US,2021-11-24 18:16:20,33.194,-82.5271,58.51,20,0,6.4,clear sky
157,Bahia Blanca,AR,2021-11-24 18:16:21,-38.7196,-62.2724,93.2,24,16,11.77,few clouds
158,Airai,TL,2021-11-24 18:16:21,-8.9266,125.4092,61.99,94,70,0.22,broken clouds
159,Dilla,ET,2021-11-24 18:16:22,6.41,38.31,69.01,48,78,4.09,broken clouds
160,Upernavik,GL,2021-11-24 18:16:22,72.7868,-56.1549,29.44,74,100,23.91,overcast clouds
161,Juybar,IR,2021-11-24 18:16:22,36.6412,52.9124,50.16,74,9,2.39,clear sky
162,Caravelas,BR,2021-11-24 18:16:23,-17.7125,-39.2481,81.66,65,79,8.03,broken clouds
163,The Valley,AI,2021-11-24 18:16:23,18.217,-63.0578,85.86,69,40,2.3,scattered clouds
164,Siderno,IT,2021-11-24 18:16:24,38.2779,16.302,64.4,81,100,8.16,overcast clouds
165,Okato,NZ,2021-11-24 18:16:24,-39.2,173.8833,51.69,68,39,3.71,scattered clouds
166,Tura,IN,2021-11-24 18:16:24,25.5198,90.2201,59.61,62,0,3.33,clear sky
167,Avarua,CK,2021-11-24 18:15:15,-21.2078,-159.775,77.05,73,20,4.61,few clouds
168,Kharsawan,IN,2021-11-24 18:16:25,22.8,85.8333,68.29,68,5,0.85,clear sky
169,Thompson,CA,2021-11-24 18:16:25,55.7435,-97.8558,-0.24,71,1,14.97,clear sky
170,Tuktoyaktuk,CA,2021-11-24 18:16:26,69.4541,-133.0374,-23.8,76,20,6.91,few clouds
171,Moba,CN,2021-11-24 18:16:26,33.2288,105.0179,34.59,83,0,1.77,clear sky
172,Murakami,JP,2021-11-24 18:16:26,38.2333,139.4833,49.59,82,100,24.0,overcast clouds
173,Asau,RO,2021-11-24 18:16:27,46.4333,26.4,33.76,85,25,3.04,scattered clouds
174,Mar Del Plata,AR,2021-11-24 18:13:09,-38.0023,-57.5575,79.77,35,1,14.92,clear sky
175,Antalaha,MG,2021-11-24 18:16:27,-14.9003,50.2788,74.34,81,12,5.48,few clouds
176,Skjervoy,NO,2021-11-24 18:16:28,70.0311,20.9714,24.98,71,45,9.66,scattered clouds
177,Liverpool,GB,2021-11-24 18:16:28,53.4106,-2.9779,47.62,86,75,5.01,broken clouds
178,Bluff,NZ,2021-11-24 18:16:29,-46.6,168.3333,49.75,88,98,7.9,overcast clouds
179,Egvekinot,RU,2021-11-24 18:16:29,66.3167,-179.1667,-5.21,75,100,5.35,overcast clouds
180,East London,ZA,2021-11-24 18:16:30,-33.0153,27.9116,61.74,72,20,5.75,light rain
181,Nadym,RU,2021-11-24 18:16:31,65.5333,72.5167,1.36,97,97,7.96,overcast clouds
182,Balkanabat,TM,2021-11-24 18:16:31,39.5108,54.3671,55.45,70,88,12.06,overcast clouds
183,Fairbanks,US,2021-11-24 18:15:48,64.8378,-147.7164,-10.01,71,20,3.44,few clouds
184,Conversion,PH,2021-11-24 18:16:32,15.8984,121.1277,71.73,92,88,5.64,overcast clouds
185,Faya,SA,2021-11-24 18:16:32,18.3851,42.4509,59.11,45,12,1.32,few clouds
186,Port Hawkesbury,CA,2021-11-24 18:16:32,45.6169,-61.3485,42.39,94,90,10.0,mist
187,Salalah,OM,2021-11-24 18:16:33,17.0151,54.0924,82.49,83,75,5.75,broken clouds
188,Kochi,IN,2021-11-24 18:16:33,9.9399,76.2602,78.78,81,100,3.74,light rain
189,Tutoia,BR,2021-11-24 18:16:34,-2.7619,-42.2744,89.58,65,55,14.76,broken clouds
190,Acarau,BR,2021-11-24 18:16:34,-2.8856,-40.12,87.31,61,79,18.03,broken clouds
191,Cockburn Town,TC,2021-11-24 18:16:35,21.4612,-71.1419,80.2,64,84,17.45,broken clouds
192,Katsuura,JP,2021-11-24 18:16:35,35.1333,140.3,48.31,68,0,9.91,clear sky
193,Tromso,NO,2021-11-24 18:16:35,69.6496,18.957,24.82,86,40,5.75,scattered clouds
194,Tilichiki,RU,2021-11-24 18:16:36,60.4667,166.1,-0.27,96,93,7.05,overcast clouds
195,Fortuna,US,2021-11-24 18:16:36,40.5982,-124.1573,50.94,78,1,1.99,clear sky
196,Delta Del Tigre,UY,2021-11-24 18:16:37,-34.7633,-56.3853,90.01,19,0,14.97,clear sky
197,Shakhtinsk,KZ,2021-11-24 18:16:37,49.71,72.5872,37.96,82,100,17.83,overcast clouds
198,Diego De Almagro,CL,2021-11-24 18:16:37,-26.3667,-70.05,82.31,10,1,10.54,clear sky
199,Rameswaram,IN,2021-11-24 18:16:38,9.2833,79.3,79.09,84,100,21.68,light rain
200,Isangel,VU,2021-11-24 18:16:38,-19.55,169.2667,75.31,94,90,0.0,overcast clouds
201,Yagodnoye,RU,2021-11-24 18:16:39,62.55,149.6667,-21.96,92,52,3.69,broken clouds
202,Straumen,NO,2021-11-24 18:16:39,63.8709,11.2999,43.95,86,100,5.91,overcast clouds
203,Faanui,PF,2021-11-24 18:16:40,-16.4833,-151.75,80.38,73,14,5.26,few clouds
204,Hazorasp,UZ,2021-11-24 18:16:40,41.3194,61.0742,49.84,42,13,10.8,few clouds
205,Ust-Kuyga,RU,2021-11-24 18:12:11,70.0167,135.6,-35.9,100,98,8.77,overcast clouds
206,Flin Flon,CA,2021-11-24 18:16:40,54.7682,-101.865,-2.36,65,40,9.22,scattered clouds
207,Cabo San Lucas,MX,2021-11-24 18:16:41,22.8909,-109.9124,83.61,62,1,1.01,clear sky
208,Hermanus,ZA,2021-11-24 18:16:41,-34.4187,19.2345,68.9,68,1,19.86,clear sky
209,Murdochville,CA,2021-11-24 18:16:42,48.9583,-65.5006,29.28,80,91,13.44,overcast clouds
210,Samarai,PG,2021-11-24 18:16:42,-10.6167,150.6667,82.76,77,57,13.56,broken clouds
211,Broome,US,2021-11-24 18:16:42,42.2506,-75.833,44.06,58,1,1.99,clear sky
212,Haines Junction,CA,2021-11-24 18:16:43,60.7522,-137.5108,-2.25,84,100,0.0,light snow
213,Beloha,MG,2021-11-24 18:16:43,-25.1667,45.05,70.11,75,98,8.08,overcast clouds
214,Quarai,BR,2021-11-24 18:16:43,-30.3875,-56.4514,94.98,13,1,12.75,clear sky
215,Namtsy,RU,2021-11-24 18:16:44,62.7161,129.6658,-25.49,97,100,1.57,overcast clouds
216,Mogok,MM,2021-11-24 18:16:44,22.9167,96.5,56.32,80,0,1.99,clear sky
217,Yaan,NG,2021-11-24 18:16:45,7.3833,8.5667,86.86,39,59,2.59,broken clouds
218,Bilma,NE,2021-11-24 18:16:45,18.6853,12.9164,81.05,16,21,6.76,few clouds
219,Castro,BR,2021-11-24 18:16:46,-24.7911,-50.0119,84.49,36,76,3.96,broken clouds
220,Kristiansund,NO,2021-11-24 18:16:46,63.1115,7.732,39.25,100,90,8.05,shower sleet
221,Tabou,CI,2021-11-24 18:16:47,4.423,-7.3528,81.14,79,27,6.24,scattered clouds
222,Pocone,BR,2021-11-24 18:16:47,-16.2567,-56.6228,89.17,60,100,3.67,moderate rain
223,Chuzhou,CN,2021-11-24 18:16:48,32.3219,118.2978,47.97,58,0,5.84,clear sky
224,Norman Wells,CA,2021-11-24 18:16:48,65.282,-126.8329,-32.76,68,40,2.3,scattered clouds
225,Puerto Maldonado,PE,2021-11-24 18:16:48,-12.6,-69.1833,88.2,62,40,2.3,scattered clouds
226,Chau Doc,VN,2021-11-24 18:16:49,10.7,105.1167,75.4,92,100,7.81,moderate rain
227,Megion,RU,2021-11-24 18:16:49,61.0296,76.1136,-2.18,100,87,8.1,overcast clouds
228,Mazamari,PE,2021-11-24 18:16:49,-11.3258,-74.5308,73.2,94,100,1.28,moderate rain
229,Dwarka,IN,2021-11-24 18:16:50,22.2394,68.9678,76.59,60,0,7.0,clear sky
230,Miastko,PL,2021-11-24 18:16:50,54.0028,16.9826,42.8,88,100,7.67,overcast clouds
231,Omsukchan,RU,2021-11-24 18:16:51,62.5333,155.8,-7.17,100,93,3.18,overcast clouds
232,Swan River,CA,2021-11-24 18:16:51,52.1058,-101.2676,1.29,66,33,9.22,scattered clouds
233,Olean,US,2021-11-24 18:14:42,42.0776,-78.4297,43.48,47,37,8.46,scattered clouds
234,Cherskiy,RU,2021-11-24 18:16:51,68.75,161.3,-16.29,96,100,3.06,overcast clouds
235,Itambacuri,BR,2021-11-24 18:16:52,-18.0311,-41.685,87.13,48,74,6.76,broken clouds
236,Alofi,NU,2021-11-24 18:15:15,-19.0595,-169.9187,75.09,94,59,2.3,broken clouds
237,Uruzgan,AF,2021-11-24 18:16:52,32.8333,66.0,43.93,60,16,4.21,few clouds
238,Lorengau,PG,2021-11-24 18:16:53,-2.0226,147.2712,80.8,79,84,3.33,broken clouds
239,Maarianhamina,AX,2021-11-24 18:15:17,60.0973,19.9348,30.06,100,0,3.44,clear sky
240,Povolzhskiy,RU,2021-11-24 18:16:53,53.5854,49.7629,13.62,94,40,9.57,scattered clouds
241,Maldonado,UY,2021-11-24 18:12:26,-34.6667,-54.9167,87.19,23,0,10.71,clear sky
242,Arman,RU,2021-11-24 18:16:54,59.7,150.1667,12.27,76,29,9.57,scattered clouds
243,Khani,GE,2021-11-24 18:16:54,41.9563,42.9566,40.57,97,99,2.24,overcast clouds
244,Lesosibirsk,RU,2021-11-24 18:16:55,58.2358,92.4828,19.38,92,100,7.63,overcast clouds
245,Shancheng,CN,2021-11-24 18:16:55,34.7953,116.0817,44.02,48,0,4.25,clear sky
246,Urumqi,CN,2021-11-24 18:14:38,43.801,87.6005,25.75,69,9,4.47,clear sky
247,Imeni Poliny Osipenko,RU,2021-11-24 18:16:56,52.4201,136.4853,16.47,94,100,5.84,overcast clouds
248,Tadine,NC,2021-11-24 18:16:56,-21.55,167.8833,74.46,77,100,6.96,overcast clouds
249,Springdale,US,2021-11-24 18:16:21,36.1867,-94.1288,63.28,76,90,23.0,overcast clouds
250,Lashio,MM,2021-11-24 18:16:57,22.9333,97.75,56.97,98,2,1.57,clear sky
251,Ostrovnoy,RU,2021-11-24 18:16:57,68.0531,39.5131,27.64,62,93,19.86,light snow
252,Esperance,AU,2021-11-24 18:16:57,-33.8667,121.9,56.37,80,12,2.55,few clouds
253,New Richmond,US,2021-11-24 18:16:58,45.123,-92.5366,51.48,50,1,9.22,clear sky
254,Muravlenko,RU,2021-11-24 18:16:58,63.7898,74.523,-6.9,98,79,12.01,broken clouds
255,Aklavik,CA,2021-11-24 18:16:59,68.2191,-135.0107,-22.0,76,40,2.3,scattered clouds
256,Skibbereen,IE,2021-11-24 18:16:59,51.55,-9.2667,39.0,77,75,13.76,light rain
257,Nantucket,US,2021-11-24 18:16:59,41.2835,-70.0995,44.71,48,1,14.97,clear sky
258,Vila,PT,2021-11-24 18:17:00,42.0304,-8.1588,44.92,79,100,5.93,overcast clouds
259,Tucumcari,US,2021-11-24 18:17:00,35.1717,-103.725,60.94,41,1,12.66,clear sky
260,Tezu,IN,2021-11-24 18:17:01,27.9167,96.1667,62.22,65,16,4.0,few clouds
261,Mount Isa,AU,2021-11-24 18:17:01,-20.7333,139.5,74.97,60,90,12.66,light rain
262,Ilinskiy,RU,2021-11-24 18:17:01,55.619,38.1182,32.68,86,75,13.42,light snow
263,Rockland,US,2021-11-24 18:17:02,41.1668,-74.0496,45.45,43,1,1.99,clear sky
264,Terenos,BR,2021-11-24 18:17:02,-20.4422,-54.8603,87.51,74,75,5.75,broken clouds
265,Lingao,CN,2021-11-24 18:17:02,19.9103,109.6859,66.43,74,30,5.01,scattered clouds
266,Bemidji,US,2021-11-24 18:17:03,47.4736,-94.8803,30.49,81,90,16.11,overcast clouds
267,Teya,RU,2021-11-24 18:17:03,60.3778,92.6267,18.57,91,100,7.36,overcast clouds
268,Bethel,US,2021-11-24 18:17:04,41.3712,-73.414,43.56,42,1,1.99,clear sky
269,Altea,ES,2021-11-24 18:17:04,38.5989,-0.0514,53.58,58,39,12.86,scattered clouds
270,Gravdal,NO,2021-11-24 18:17:05,68.1214,13.5031,29.88,64,20,12.66,few clouds
271,Heihe,CN,2021-11-24 18:17:05,50.2441,127.4902,16.38,89,79,14.14,light snow
272,Evensk,RU,2021-11-24 18:17:05,61.95,159.2333,3.0,85,97,5.75,overcast clouds
273,Byron Bay,AU,2021-11-24 18:17:06,-28.65,153.6167,71.55,92,100,10.09,light rain
274,Dunedin,NZ,2021-11-24 18:17:06,-45.8742,170.5036,52.99,87,100,2.82,overcast clouds
275,Alice Springs,AU,2021-11-24 18:17:07,-23.7,133.8833,60.35,82,0,6.91,clear sky
276,Veraval,IN,2021-11-24 18:17:07,20.9,70.3667,78.42,57,2,7.49,clear sky
277,Puttur,IN,2021-11-24 18:17:08,12.7667,75.2167,75.31,97,80,1.72,broken clouds
278,Davila,PH,2021-11-24 18:17:08,18.4726,120.5763,78.78,87,51,18.05,broken clouds
279,Saint-Pierre,RE,2021-11-24 18:17:08,-21.3393,55.4781,78.48,70,75,4.61,broken clouds
280,Lichinga,MZ,2021-11-24 18:17:09,-13.3128,35.2406,77.81,38,82,4.7,broken clouds
281,Bereda,ES,2021-11-24 18:17:09,43.2686,-7.5406,49.91,93,100,5.7,overcast clouds
282,Kholtoson,RU,2021-11-24 18:17:10,50.2981,103.3097,9.73,90,31,3.62,scattered clouds
283,Hamilton,US,2021-11-24 18:17:10,39.1834,-84.5333,54.0,44,1,3.0,clear sky
284,Orje,NO,2021-11-24 18:17:10,59.4802,11.6602,44.13,89,100,12.68,overcast clouds
285,Salina,US,2021-11-24 18:16:45,38.8403,-97.6114,63.18,50,1,10.36,clear sky
286,Erzin,TR,2021-11-24 18:17:11,36.9559,36.2,57.72,67,35,2.62,scattered clouds
287,Taoudenni,ML,2021-11-24 18:17:11,22.6783,-3.9836,85.12,27,57,4.74,broken clouds
288,Yeppoon,AU,2021-11-24 18:17:12,-23.1333,150.7333,76.78,88,100,8.12,overcast clouds
289,Santa Marta,CO,2021-11-24 18:17:12,11.2408,-74.199,87.35,75,100,6.96,overcast clouds
290,Grand Gaube,MU,2021-11-24 18:17:12,-20.0064,57.6608,77.38,72,7,4.0,clear sky
291,Hasaki,JP,2021-11-24 18:17:13,35.7333,140.8333,37.69,37,0,5.01,clear sky
292,Jalu,LY,2021-11-24 18:17:13,29.0331,21.5482,71.46,29,69,7.36,broken clouds
293,Caiaponia,BR,2021-11-24 18:17:13,-16.9567,-51.8103,84.79,55,100,6.06,overcast clouds
294,Naze,JP,2021-11-24 18:17:14,28.3667,129.4833,57.63,64,11,4.52,few clouds
295,Hervey Bay,AU,2021-11-24 18:17:14,-25.2986,152.8535,77.04,85,96,3.0,overcast clouds
296,Aykhal,RU,2021-11-24 18:17:15,66.0,111.5,-12.32,95,100,7.49,overcast clouds
297,Aldan,RU,2021-11-24 18:17:15,58.6031,125.3894,-16.49,94,85,2.64,overcast clouds
298,Port Blair,IN,2021-11-24 18:17:15,11.6667,92.75,81.52,84,100,12.77,overcast clouds
299,Awjilah,LY,2021-11-24 18:17:16,29.1081,21.2869,72.05,29,62,6.85,broken clouds
300,Xacmaz,AZ,2021-11-24 18:17:16,41.4635,48.806,42.21,89,100,19.13,overcast clouds
301,Nobeoka,JP,2021-11-24 18:17:17,32.5833,131.6667,45.75,77,11,5.95,few clouds
302,Gayny,RU,2021-11-24 18:17:17,60.3071,54.3241,1.51,99,78,3.76,broken clouds
303,Moose Factory,CA,2021-11-24 18:17:17,51.2585,-80.6094,32.0,80,1,4.61,clear sky
304,Taramangalam,IN,2021-11-24 18:15:57,11.7,77.9833,73.42,86,100,3.0,overcast clouds
305,Lichtenburg,ZA,2021-11-24 18:17:18,-26.152,26.1597,69.75,31,52,3.67,broken clouds
306,Kamenka,RU,2021-11-24 18:17:19,51.3223,42.7678,20.75,62,13,12.17,few clouds
307,Ngaoundere,CM,2021-11-24 18:14:10,7.3167,13.5833,73.74,35,8,4.52,clear sky
308,Puertollano,ES,2021-11-24 18:17:19,38.6871,-4.1073,43.09,89,98,4.94,overcast clouds
309,Rapid Valley,US,2021-11-24 18:17:19,44.0625,-103.1463,34.32,78,90,1.01,light snow
310,Zyryanka,RU,2021-11-24 18:17:20,65.75,150.85,-11.74,98,100,5.53,overcast clouds
311,Dzilam Gonzalez,MX,2021-11-24 18:17:20,21.2833,-88.9333,82.74,40,0,6.42,clear sky
312,Carutapera,BR,2021-11-24 18:17:21,-1.195,-46.02,87.62,57,65,10.67,broken clouds
313,Kholodnyy,RU,2021-11-24 18:17:21,62.7167,147.95,-30.84,100,90,1.36,overcast clouds
314,Chernushka,RU,2021-11-24 18:17:21,56.5072,56.0766,11.57,95,100,8.75,light snow
315,Te Anau,NZ,2021-11-24 18:17:22,-45.4167,167.7167,47.16,86,100,2.28,overcast clouds
316,Howard Springs,AU,2021-11-24 18:17:22,-12.497,131.047,84.11,94,100,2.84,overcast clouds
317,Abashiri,JP,2021-11-24 18:17:22,44.0213,144.2697,34.79,62,84,11.59,broken clouds
318,Inhambane,MZ,2021-11-24 18:17:23,-23.865,35.3833,75.18,60,40,4.61,scattered clouds
319,Ginda,IN,2021-11-24 18:17:23,30.6945,78.4932,46.69,33,0,6.33,clear sky
320,Saqqez,IR,2021-11-24 18:17:24,36.2499,46.2735,44.58,66,100,4.41,overcast clouds
321,Baoro,CF,2021-11-24 18:17:24,5.6667,15.9667,74.48,44,43,3.38,scattered clouds
322,Genc,TR,2021-11-24 18:17:25,38.7507,40.5603,46.98,85,100,4.23,moderate rain
323,Llanes,ES,2021-11-24 18:17:25,43.4198,-4.7549,56.89,91,100,14.81,overcast clouds
324,Santa Rosa,PH,2021-11-24 18:17:25,14.3122,121.1114,81.86,72,100,10.11,overcast clouds
325,Barcelos,PT,2021-11-24 18:17:26,41.5388,-8.6151,55.08,76,87,8.12,overcast clouds
326,Luganville,VU,2021-11-24 18:17:26,-15.5333,167.1667,77.04,82,86,8.03,overcast clouds
327,Sainte-Anne-Des-Monts,CA,2021-11-24 18:17:27,49.124,-66.4924,39.07,64,64,13.8,broken clouds
328,Gweta,BW,2021-11-24 18:17:27,-20.1833,25.2333,84.33,14,0,4.94,clear sky
329,Cidreira,BR,2021-11-24 18:17:27,-30.1811,-50.2056,70.99,59,0,14.76,clear sky
330,Sayat,TM,2021-11-24 18:17:28,38.7839,63.8803,53.47,54,0,11.01,clear sky
331,Robertsport,LR,2021-11-24 18:17:28,6.7533,-11.3686,82.62,75,90,9.08,overcast clouds
332,Keroka,KE,2021-11-24 18:17:29,-0.7758,34.9453,59.07,80,80,2.04,broken clouds
333,Progreso,MX,2021-11-24 18:17:29,21.2833,-89.6667,83.1,50,1,11.72,clear sky
334,Prainha,BR,2021-11-24 18:17:29,-1.8,-53.48,89.29,51,77,3.4,broken clouds
335,Yambio,SS,2021-11-24 18:17:30,4.5721,28.3955,75.34,49,3,1.45,clear sky
336,Thap Khlo,TH,2021-11-24 18:17:30,16.16,100.5966,71.73,86,50,2.51,scattered clouds
337,Ridgecrest,US,2021-11-24 18:12:41,35.6225,-117.6709,60.03,18,1,1.99,clear sky
338,Camacha,PT,2021-11-24 18:17:31,33.0833,-16.3333,62.02,63,40,14.97,scattered clouds
339,Champerico,GT,2021-11-24 18:17:31,14.3,-91.9167,91.94,66,57,5.95,broken clouds
340,Moosomin,CA,2021-11-24 18:17:31,50.1333,-101.6677,0.59,87,61,11.52,broken clouds
341,Laranjeiras Do Sul,BR,2021-11-24 18:17:32,-25.4078,-52.4161,85.62,37,89,4.61,light rain
342,Pozo Colorado,PY,2021-11-24 18:17:32,-23.4923,-58.7972,93.06,42,96,1.74,overcast clouds
343,Charagua,BO,2021-11-24 18:17:33,-19.8,-63.2167,78.37,71,100,8.77,overcast clouds
344,Nanortalik,GL,2021-11-24 18:17:33,60.1432,-45.2371,38.55,95,100,15.32,moderate rain
345,Tarrafal,CV,2021-11-24 18:17:33,15.2833,-23.7667,84.99,72,32,9.98,scattered clouds
346,Istok,XK,2021-11-24 18:17:34,42.7808,20.4875,43.72,81,12,2.24,few clouds
347,Rio De Janeiro,BR,2021-11-24 18:13:52,-22.9028,-43.2075,87.31,61,40,17.27,scattered clouds
348,Khvorostyanka,RU,2021-11-24 18:17:35,52.6096,48.9597,14.47,94,9,8.55,clear sky
349,Torrington,US,2021-11-24 18:16:56,41.8007,-73.1212,43.86,35,0,3.0,clear sky
350,Santa Cruz De Tenerife,ES,2021-11-24 18:13:35,28.4682,-16.2546,74.28,83,40,1.99,scattered clouds
351,Savelugu,GH,2021-11-24 18:17:35,9.6244,-0.8253,90.81,19,76,5.46,broken clouds
352,Moen,NO,2021-11-24 18:17:36,69.1304,18.6123,24.87,85,0,0.0,clear sky
353,Ust-Nera,RU,2021-11-24 18:17:36,64.5667,143.2,-25.76,99,52,2.44,broken clouds
354,Yarmouth,US,2021-11-24 18:17:36,41.7057,-70.2286,44.19,53,1,9.22,clear sky
355,Dongsheng,CN,2021-11-24 18:17:37,39.8161,109.9776,27.61,43,0,8.57,clear sky
356,Russell,US,2021-11-24 18:15:07,32.3502,-85.1999,59.99,21,1,5.75,clear sky
357,Fort Nelson,CA,2021-11-24 18:17:37,58.8053,-122.7002,-11.97,97,97,2.19,overcast clouds
358,Tautira,PF,2021-11-24 18:17:38,-17.7333,-149.15,84.22,77,78,7.94,light rain
359,Ishigaki,JP,2021-11-24 18:17:38,24.3448,124.1572,72.12,67,67,15.66,broken clouds
360,Sovetskaya Gavan,RU,2021-11-24 18:17:38,48.9723,140.2878,23.56,73,100,4.61,overcast clouds
361,San Patricio,US,2021-11-24 18:17:39,28.017,-97.5169,82.81,60,98,20.13,overcast clouds
362,Bubaque,GW,2021-11-24 18:18:00,11.2833,-15.8333,82.98,77,26,13.27,scattered clouds
363,Rosetta,EG,2021-11-24 18:18:01,31.4044,30.4164,67.62,68,97,4.94,overcast clouds
364,Talagang,PK,2021-11-24 18:18:01,32.9297,72.4158,60.35,24,51,0.81,broken clouds
365,Pacific Grove,US,2021-11-24 18:13:42,36.6177,-121.9166,64.51,39,1,5.01,clear sky
366,Rundu,NA,2021-11-24 18:18:02,-17.9333,19.7667,81.64,12,1,3.27,clear sky
367,Atar,MR,2021-11-24 18:18:02,20.5169,-13.0499,89.91,20,100,8.01,overcast clouds
368,Novoshakhtinsk,RU,2021-11-24 18:18:03,47.7604,39.9334,29.25,58,2,1.34,clear sky
369,Macusani,PE,2021-11-24 18:18:03,-14.0833,-70.4333,43.61,81,100,9.62,overcast clouds
370,Nizhniy Odes,RU,2021-11-24 18:18:03,63.6445,54.856,4.17,98,89,6.08,overcast clouds
371,Havre-Saint-Pierre,CA,2021-11-24 18:18:04,50.2334,-63.5986,39.2,80,90,13.8,overcast clouds
372,La Orilla,MX,2021-11-24 18:18:04,17.9833,-102.2333,84.58,63,2,5.01,clear sky
373,Krasnyy Kholm,RU,2021-11-24 18:18:05,58.0607,37.1203,33.69,86,100,18.5,light rain
374,Padang,ID,2021-11-24 18:18:05,-0.9492,100.3543,75.25,71,99,3.04,overcast clouds
375,Ozinki,RU,2021-11-24 18:18:05,51.1786,49.6769,20.19,68,0,5.53,clear sky
376,Shingu,JP,2021-11-24 18:18:06,33.7333,135.9833,46.51,76,4,6.6,clear sky
377,Kushima,JP,2021-11-24 18:18:06,31.4583,131.2333,49.12,77,34,3.89,scattered clouds
378,Jumla,NP,2021-11-24 18:15:04,29.2747,82.1838,39.54,58,0,4.14,clear sky
379,Darnah,LY,2021-11-24 18:18:07,32.767,22.6367,66.25,71,92,11.03,overcast clouds
380,College,US,2021-11-24 18:18:07,64.8569,-147.8028,-10.41,73,40,8.05,scattered clouds
381,Ayotzintepec,MX,2021-11-24 18:18:07,17.6667,-96.1333,81.68,54,2,4.03,clear sky
382,Hobyo,SO,2021-11-24 18:18:08,5.3505,48.5268,81.93,74,66,12.37,broken clouds
383,Sevlievo,BG,2021-11-24 18:18:08,43.0258,25.1136,44.15,72,41,3.44,scattered clouds
384,Saint Anthony,US,2021-11-24 18:18:09,45.0205,-93.218,49.24,58,1,5.01,clear sky
385,Nemuro,JP,2021-11-24 18:18:09,43.3236,145.575,38.43,55,43,12.68,scattered clouds
386,Lamu,KE,2021-11-24 18:18:09,-2.2717,40.902,82.62,85,100,12.75,overcast clouds
387,Shahrud,IR,2021-11-24 18:18:10,36.4182,54.9763,45.27,50,4,2.1,clear sky
388,Jiblah,YE,2021-11-24 18:18:10,13.9216,44.1467,61.9,69,73,2.57,broken clouds
389,Whitehorse,CA,2021-11-24 18:18:11,60.7161,-135.0538,12.97,78,75,5.01,light snow
390,Touros,BR,2021-11-24 18:18:11,-5.1989,-35.4608,86.9,63,41,14.61,scattered clouds
391,Necochea,AR,2021-11-24 18:18:11,-38.5473,-58.7368,80.04,33,1,14.72,clear sky
392,Faribault,US,2021-11-24 18:14:49,44.295,-93.2688,50.38,58,1,1.99,clear sky
393,Bathsheba,BB,2021-11-24 18:18:12,13.2167,-59.5167,86.61,70,75,14.97,broken clouds
394,Acapulco,MX,2021-11-24 18:18:12,16.8634,-99.8901,85.82,70,40,4.61,scattered clouds
395,Atambua,ID,2021-11-24 18:18:13,-9.1061,124.8925,75.56,85,68,2.06,broken clouds
396,Mount Gambier,AU,2021-11-24 18:18:13,-37.8333,140.7667,53.51,87,40,8.05,scattered clouds
397,Seryshevo,RU,2021-11-24 18:18:14,51.0933,128.3786,14.31,88,87,8.1,overcast clouds
398,Kyrylivka,UA,2021-11-24 18:18:14,46.3759,35.3675,35.94,54,10,3.04,clear sky
399,Teknaf,BD,2021-11-24 18:18:14,20.8624,92.3058,71.98,67,39,5.39,scattered clouds
400,Gopalpur,IN,2021-11-24 18:18:15,19.2667,84.9167,77.58,81,51,3.04,broken clouds
401,Omaruru,NA,2021-11-24 18:18:15,-21.4333,15.9333,76.44,15,0,9.48,clear sky
402,Herat,AF,2021-11-24 18:18:15,34.5,62.0,52.95,57,2,6.11,clear sky
403,Sembakung,ID,2021-11-24 18:18:16,3.8167,117.25,76.93,98,88,2.19,overcast clouds
404,Boyolangu,ID,2021-11-24 18:18:16,-8.1181,111.8935,76.64,91,98,2.46,light rain
405,Totolapan,MX,2021-11-24 18:18:17,18.5167,-96.1833,81.93,69,1,3.8,clear sky
406,Togur,RU,2021-11-24 18:18:17,58.3631,82.8265,16.38,90,100,10.38,overcast clouds
407,Poyarkovo,RU,2021-11-24 18:18:17,49.6,128.6833,15.37,95,98,6.85,light snow
408,Pedernales,DO,2021-11-24 18:18:18,18.0384,-71.744,82.85,68,68,6.11,broken clouds
409,Batagay,RU,2021-11-24 18:18:18,67.6333,134.6333,-39.03,99,41,2.62,scattered clouds
410,Acolla,PE,2021-11-24 18:18:19,-11.7319,-75.5463,54.97,68,99,4.09,overcast clouds
411,Sur,OM,2021-11-24 18:18:19,22.5667,59.5289,79.32,37,6,4.29,clear sky
412,Port Keats,AU,2021-11-24 18:18:19,-14.25,129.55,82.31,83,100,5.55,overcast clouds
413,Murray Bridge,AU,2021-11-24 18:15:07,-35.1167,139.2667,67.42,82,100,12.1,overcast clouds
414,Guerrero Negro,MX,2021-11-24 18:18:20,27.9769,-114.0611,69.26,63,5,8.46,clear sky
415,Kipini,KE,2021-11-24 18:18:20,-2.5257,40.5262,82.69,87,100,10.65,overcast clouds
416,Skotterud,NO,2021-11-24 18:18:21,59.9828,12.1283,42.31,87,100,11.74,overcast clouds
417,Husavik,IS,2021-11-24 18:18:21,66.0449,-17.3389,22.91,79,100,5.32,overcast clouds
418,Benghazi,LY,2021-11-24 18:18:21,32.1167,20.0667,68.36,64,84,13.94,broken clouds
419,Nieuw Amsterdam,SR,2021-11-24 18:18:22,5.8833,-55.0833,91.56,75,40,9.22,scattered clouds
420,Saint George,US,2021-11-24 18:16:13,37.1041,-113.5841,57.67,24,1,4.0,clear sky
421,Kayes,ML,2021-11-24 18:18:22,14.0,-11.0,92.95,15,8,7.47,clear sky
422,Nishihara,JP,2021-11-24 18:18:23,26.1842,127.7558,61.88,63,75,3.44,broken clouds
423,Moron,AR,2021-11-24 18:16:01,-34.6534,-58.6198,91.02,19,0,7.0,clear sky
424,Devils Lake,US,2021-11-24 18:18:23,48.1128,-98.8651,12.94,82,90,11.01,light snow
425,Tokmak,UA,2021-11-24 18:18:25,47.2514,35.7058,29.28,46,0,0.27,clear sky
426,Nuuk,GL,2021-11-24 18:16:05,64.1835,-51.7216,32.61,100,90,16.11,snow
427,Manzhouli,CN,2021-11-24 18:18:25,49.6,117.4333,-0.24,76,5,5.44,clear sky
428,Maridi,SS,2021-11-24 18:18:26,4.9158,29.4742,78.8,44,67,0.36,broken clouds
429,Zapolyarnyy,RU,2021-11-24 18:18:26,69.4154,30.8136,11.48,100,81,4.54,broken clouds
430,Dingle,PH,2021-11-24 18:18:26,10.9995,122.6711,77.34,93,93,7.36,overcast clouds
431,Yemelyanovo,RU,2021-11-24 18:18:27,56.1681,92.6767,23.81,63,40,4.47,scattered clouds
432,Aizawl,IN,2021-11-24 18:18:27,23.7333,92.7167,50.11,84,0,2.59,clear sky
433,Lasa,IT,2021-11-24 18:18:27,46.6166,10.7002,40.08,76,1,2.3,clear sky
434,Cartagena Del Chaira,CO,2021-11-24 18:18:28,1.3349,-74.8429,90.16,50,89,3.09,overcast clouds
435,Chumikan,RU,2021-11-24 18:18:28,54.7183,135.315,18.63,94,100,8.37,snow
436,Chicama,PE,2021-11-24 18:18:29,-7.8447,-79.1469,64.94,59,81,11.65,broken clouds
437,Westport,US,2021-11-24 18:14:52,41.1415,-73.3579,45.27,35,1,1.99,clear sky
438,Preobrazheniye,RU,2021-11-24 18:18:29,42.9019,133.9064,23.16,68,46,9.8,scattered clouds
439,Lompoc,US,2021-11-24 18:18:30,34.6391,-120.4579,70.57,54,1,1.01,clear sky
440,Placido De Castro,BR,2021-11-24 18:18:30,-10.3353,-67.1856,76.44,97,100,2.89,overcast clouds
441,Lumsden,CA,2021-11-24 18:15:07,50.6501,-104.8678,11.39,78,87,4.12,overcast clouds
442,Tanda,IN,2021-11-24 18:18:31,26.55,82.65,64.76,45,0,3.22,clear sky
443,Korla,CN,2021-11-24 18:18:31,41.7597,86.1469,28.62,56,1,2.04,clear sky
444,Sicamous,CA,2021-11-24 18:18:32,50.8331,-118.9856,36.19,81,86,2.46,overcast clouds
445,San Pedro,PH,2021-11-24 18:18:32,14.35,121.0167,81.1,75,90,4.61,overcast clouds
446,Tapejara,BR,2021-11-24 18:18:32,-28.0681,-52.0139,86.9,31,0,1.92,clear sky
447,Hokitika,NZ,2021-11-24 18:18:33,-42.7167,170.9667,53.11,89,100,3.47,overcast clouds
448,Meybod,IR,2021-11-24 18:18:33,32.2501,54.0166,53.62,46,0,3.2,clear sky
449,Bunbury,AU,2021-11-24 18:18:34,-33.3333,115.6333,58.82,67,29,13.65,scattered clouds
450,Sakaiminato,JP,2021-11-24 18:18:34,35.55,133.2333,49.98,76,75,5.75,broken clouds
451,Ahipara,NZ,2021-11-24 18:18:35,-35.1667,173.1667,58.5,90,69,3.24,broken clouds
452,Guaratinga,BR,2021-11-24 18:18:35,-16.5667,-39.5667,79.47,47,19,10.27,few clouds
453,Ialibu,PG,2021-11-24 18:18:35,-6.2821,143.9935,54.9,95,100,3.06,overcast clouds
454,Salinopolis,BR,2021-11-24 18:17:11,-0.6136,-47.3561,84.29,70,60,10.33,broken clouds
455,Saint-Georges,GD,2021-11-24 18:18:36,12.0564,-61.7485,81.84,77,58,9.06,broken clouds
456,Shenzhen,CN,2021-11-24 18:18:37,22.5455,114.0683,68.14,87,1,3.06,clear sky
457,Manokwari,ID,2021-11-24 18:18:37,-0.8667,134.0833,78.03,82,99,4.12,overcast clouds
458,Chabahar,IR,2021-11-24 18:18:38,25.2919,60.643,78.37,70,1,9.84,clear sky
459,Podor,MR,2021-11-24 18:18:38,16.6527,-14.9587,96.21,15,100,9.84,overcast clouds
460,Yulara,AU,2021-11-24 18:18:38,-25.2406,130.9889,60.64,72,0,9.22,clear sky
461,Ponoka,CA,2021-11-24 18:18:39,52.6768,-113.5815,25.88,79,32,4.41,scattered clouds
462,Nyazepetrovsk,RU,2021-11-24 18:18:39,56.0531,59.6028,8.08,96,100,7.72,overcast clouds
463,Ha Tinh,VN,2021-11-24 18:18:39,18.3333,105.9,62.44,74,100,4.72,overcast clouds
464,Meadow Lake,US,2021-11-24 18:18:40,34.8014,-106.5436,55.4,50,89,10.18,overcast clouds
465,Morrope,PE,2021-11-24 18:18:40,-6.5417,-80.0111,82.8,57,99,12.08,overcast clouds
466,Bosaso,SO,2021-11-24 18:18:41,11.2842,49.1816,79.27,67,22,1.74,few clouds
467,Trat,TH,2021-11-24 18:18:41,12.5,102.5,73.44,88,82,6.44,broken clouds
468,Kulhudhuffushi,MV,2021-11-24 18:18:42,6.6221,73.07,77.23,86,100,11.01,overcast clouds
469,Beringovskiy,RU,2021-11-24 18:18:42,63.05,179.3167,-4.63,83,100,5.19,overcast clouds
470,Highland Park,US,2021-11-24 18:18:42,42.1817,-87.8003,48.97,56,100,8.01,overcast clouds
471,Agnibilekrou,CI,2021-11-24 18:18:43,7.1344,-3.2047,80.55,55,22,2.91,few clouds
472,Nador,MA,2021-11-24 18:18:43,35.174,-2.9287,55.65,67,20,3.44,few clouds
473,Verkhnevilyuysk,RU,2021-11-24 18:18:44,63.4453,120.3167,-6.18,92,100,4.68,overcast clouds
474,Opuwo,NA,2021-11-24 18:18:44,-18.0607,13.84,78.37,17,0,15.97,clear sky
475,Mahenge,TZ,2021-11-24 18:18:45,-8.6833,36.7167,75.11,41,56,1.9,broken clouds
476,Coquimbo,CL,2021-11-24 18:16:23,-29.9533,-71.3436,65.93,59,0,12.66,clear sky
477,Waingapu,ID,2021-11-24 18:18:45,-9.6567,120.2641,80.51,78,72,3.51,broken clouds
478,Agustin Codazzi,CO,2021-11-24 18:18:45,10.0341,-73.2361,85.3,72,78,1.61,broken clouds
479,Eureka,US,2021-11-24 18:15:30,40.8021,-124.1637,50.63,85,47,6.49,scattered clouds
480,Laguna,US,2021-11-24 18:18:46,38.421,-121.4238,62.42,52,1,1.99,clear sky
481,Sao Joao,BR,2021-11-24 18:18:46,-8.8756,-36.3667,93.22,23,19,11.52,few clouds
482,Raga,SS,2021-11-24 18:18:47,8.4596,25.678,79.63,21,1,4.9,clear sky
483,Tuatapere,NZ,2021-11-24 18:18:47,-46.1333,167.6833,49.28,78,96,4.16,overcast clouds
484,Knysna,ZA,2021-11-24 18:18:48,-34.0363,23.0471,61.18,75,47,8.16,scattered clouds
485,Hibbing,US,2021-11-24 18:15:54,47.4272,-92.9377,29.8,86,90,20.71,overcast clouds
486,Paris,FR,2021-11-24 18:15:58,48.8534,2.3488,43.14,85,90,1.99,overcast clouds
487,Marsh Harbour,BS,2021-11-24 18:18:48,26.5412,-77.0636,69.71,62,84,19.26,broken clouds
488,Chernyshevskiy,RU,2021-11-24 18:18:50,63.0128,112.4714,-8.55,95,100,4.5,overcast clouds
489,Naryan-Mar,RU,2021-11-24 18:18:50,67.6713,53.087,1.58,98,99,6.55,overcast clouds
490,Mount Pleasant,US,2021-11-24 18:15:52,32.7941,-79.8626,58.08,35,1,1.01,clear sky
491,Trinidad,BO,2021-11-24 18:18:51,-14.8333,-64.9,85.98,74,75,3.44,broken clouds
492,Udachnyy,RU,2021-11-24 18:18:51,66.4167,112.4,-13.25,93,99,7.49,overcast clouds
493,Pisco,PE,2021-11-24 18:14:43,-13.7,-76.2167,69.85,73,0,8.05,clear sky
494,Longford,IE,2021-11-24 18:18:52,53.7333,-7.8,36.55,89,53,5.14,broken clouds
495,Tarauaca,BR,2021-11-24 18:18:52,-8.1614,-70.7656,72.77,98,100,4.09,overcast clouds
496,Magadan,RU,2021-11-24 18:18:53,59.5667,150.8,16.84,72,11,14.25,few clouds
497,Angoram,PG,2021-11-24 18:18:53,-4.0625,144.0661,72.97,99,100,1.63,light rain
498,Baykit,RU,2021-11-24 18:18:53,61.67,96.37,6.64,100,99,1.95,overcast clouds
499,Nelson Bay,AU,2021-11-24 18:18:54,-32.7167,152.15,70.0,95,100,3.0,light rain
500,Puerto Leguizamo,CO,2021-11-24 18:18:54,-0.1934,-74.7819,86.4,61,97,3.04,light rain
501,Pangnirtung,CA,2021-11-24 18:18:55,66.1451,-65.7125,19.4,73,90,4.61,light snow
502,Koslan,RU,2021-11-24 18:18:55,63.4564,48.8989,10.33,92,99,5.21,overcast clouds
503,Hambantota,LK,2021-11-24 18:18:55,6.1241,81.1185,78.08,85,100,2.64,overcast clouds
504,Bowen,AU,2021-11-24 18:18:56,-20.0167,148.2333,78.42,85,100,9.84,light rain
505,Mecca,SA,2021-11-24 18:16:46,21.4267,39.8261,77.74,62,0,3.27,clear sky
506,Rawson,AR,2021-11-24 18:18:56,-43.3002,-65.1023,78.19,35,7,7.27,clear sky
507,Sangar,RU,2021-11-24 18:18:57,63.9242,127.4739,-20.09,96,100,0.74,overcast clouds
508,Alexandria,EG,2021-11-24 18:15:31,31.2156,29.9553,68.41,66,99,2.8,overcast clouds
509,Back Mountain,US,2021-11-24 18:13:58,41.3359,-75.9963,43.39,56,8,4.32,clear sky
510,Batemans Bay,AU,2021-11-24 18:18:58,-35.7167,150.1833,71.2,97,100,3.36,overcast clouds
511,Biak,ID,2021-11-24 18:18:59,-0.9131,122.8766,76.53,84,82,2.26,broken clouds
512,Makokou,GA,2021-11-24 18:18:59,0.5738,12.8642,72.68,92,81,2.75,broken clouds
513,Grand-Santi,GF,2021-11-24 18:18:59,4.25,-54.3833,85.48,60,98,2.37,overcast clouds
514,Dakar,SN,2021-11-24 18:14:24,14.6937,-17.4441,92.28,69,93,9.89,overcast clouds
515,Olavarria,AR,2021-11-24 18:19:00,-36.8927,-60.3225,96.91,19,0,14.23,clear sky
516,Sao Felix Do Xingu,BR,2021-11-24 18:19:00,-6.6447,-51.995,92.37,45,69,2.28,broken clouds
517,Kununurra,AU,2021-11-24 18:18:32,-15.7667,128.7333,84.18,65,40,3.44,scattered clouds
518,Katobu,ID,2021-11-24 18:19:01,-4.9408,122.5276,76.5,88,72,1.54,broken clouds
519,Jutai,BR,2021-11-24 18:19:01,-5.1833,-68.9,81.37,88,100,3.04,overcast clouds
520,Flic En Flac,MU,2021-11-24 18:19:02,-20.2742,57.3631,77.52,73,20,8.86,few clouds
521,Adrar,MR,2021-11-24 18:19:02,20.5022,-10.0711,83.16,25,87,4.88,overcast clouds
522,Bismarck,US,2021-11-24 18:19:03,46.8083,-100.7837,28.24,91,90,16.11,mist
523,Hay River,CA,2021-11-24 18:19:03,60.8156,-115.7999,-9.42,77,20,4.61,light snow
524,Celestun,MX,2021-11-24 18:19:03,20.8667,-90.4,80.29,47,2,6.87,clear sky
525,Roma,US,2021-11-24 18:19:04,43.2128,-75.4557,44.11,60,1,0.0,clear sky
526,Sambava,MG,2021-11-24 18:19:04,-14.2667,50.1667,76.08,76,35,5.48,scattered clouds
527,Matamoros,MX,2021-11-24 18:19:04,25.5333,-103.25,77.11,37,75,0.0,broken clouds
528,Sokolo,ML,2021-11-24 18:19:05,14.7328,-6.1219,89.89,18,41,9.57,scattered clouds
529,Vaitape,PF,2021-11-24 18:19:05,-16.5167,-151.75,80.4,73,14,5.32,few clouds
530,Itarema,BR,2021-11-24 18:19:06,-2.9248,-39.9167,87.3,59,79,16.35,broken clouds
531,Bonavista,CA,2021-11-24 18:19:06,48.6499,-53.1147,50.0,98,100,22.73,overcast clouds
532,Rehoboth,NA,2021-11-24 18:19:06,-23.3167,17.0833,76.95,18,6,20.89,clear sky
533,Mulege,MX,2021-11-24 18:19:07,26.8833,-111.9833,77.52,46,6,3.38,clear sky
534,Vila Velha,BR,2021-11-24 18:19:07,-20.3297,-40.2925,78.94,82,40,7.0,scattered clouds
535,Zlatograd,BG,2021-11-24 18:19:07,41.3833,25.1,42.73,77,23,5.75,few clouds
536,Petropavlovsk-Kamchatskiy,RU,2021-11-24 18:19:08,53.0452,158.6483,37.99,60,75,8.95,moderate rain
537,San Vicente,AR,2021-11-24 18:19:08,-26.6167,-54.1333,89.74,33,52,1.5,broken clouds
538,Mao,ES,2021-11-24 18:19:09,39.8885,4.2658,57.76,62,40,16.11,scattered clouds
539,Umm Lajj,SA,2021-11-24 18:19:09,25.0213,37.2685,78.4,55,4,8.81,clear sky
540,Tatishchevo,RU,2021-11-24 18:19:10,51.6703,45.5953,21.34,80,9,10.22,clear sky
541,Hit,IQ,2021-11-24 18:19:10,33.6416,42.8251,63.32,51,91,6.24,overcast clouds
542,Tingo Maria,PE,2021-11-24 18:19:10,-9.2895,-76.0088,73.71,94,90,3.44,mist
543,Kaitangata,NZ,2021-11-24 18:19:11,-46.2817,169.8464,48.83,79,100,3.53,overcast clouds
544,Zitlala,MX,2021-11-24 18:19:11,17.6333,-99.0833,70.43,44,3,3.83,clear sky
545,Barabai,ID,2021-11-24 18:19:11,-2.5833,115.3833,74.26,99,100,1.3,overcast clouds
546,Suntar,RU,2021-11-24 18:19:12,62.1444,117.6319,-1.39,87,100,5.84,overcast clouds
547,Black River,JM,2021-11-24 18:19:12,18.0264,-77.8487,85.98,58,90,6.22,overcast clouds
548,Kungurtug,RU,2021-11-24 18:19:13,50.5994,97.5228,10.15,95,73,2.37,broken clouds
549,Vao,NC,2021-11-24 18:19:13,-22.6667,167.4833,74.8,78,100,8.23,overcast clouds
550,Bara,NG,2021-11-24 18:19:13,10.3744,10.7288,82.54,22,94,3.69,overcast clouds
551,Liman,UA,2021-11-24 18:19:14,48.9884,37.8023,26.62,62,3,6.2,clear sky
552,Along,IN,2021-11-24 18:19:14,28.1667,94.7667,55.0,84,1,1.68,clear sky
553,Linjiang,CN,2021-11-24 18:19:15,41.8069,126.9078,16.95,87,24,2.28,few clouds
554,Havoysund,NO,2021-11-24 18:19:15,70.9963,24.6622,30.43,76,100,6.73,light snow
555,Djambala,CG,2021-11-24 18:19:15,-2.5447,14.7533,68.27,93,99,3.47,moderate rain
556,Puerto Escondido,MX,2021-11-24 18:19:16,15.85,-97.0667,85.03,70,1,5.75,clear sky
557,Kalmunai,LK,2021-11-24 18:19:16,7.4167,81.8167,77.67,88,98,2.66,overcast clouds
558,Ende,ID,2021-11-24 18:19:16,-8.8432,121.6623,78.78,83,97,1.72,overcast clouds
559,Panaba,MX,2021-11-24 18:19:17,21.2833,-88.2667,82.4,42,0,9.19,clear sky
560,Karratha,AU,2021-11-24 18:19:17,-20.7377,116.8463,81.86,53,100,6.78,overcast clouds
561,Valparaiso,CL,2021-11-24 18:17:33,-33.0393,-71.6273,64.63,71,75,9.22,broken clouds
562,Vardo,NO,2021-11-24 18:19:18,70.3705,31.1107,24.55,93,75,14.97,light shower snow
563,Kozulka,UA,2021-11-24 18:19:18,50.0351,23.797,39.49,81,59,5.57,broken clouds
564,Oranjemund,NA,2021-11-24 18:19:18,-28.55,16.4333,61.56,86,68,13.85,broken clouds
565,Lalin,ES,2021-11-24 18:19:19,42.7167,-8.1167,46.98,78,99,7.07,overcast clouds
566,Invermere,CA,2021-11-24 18:19:20,50.5167,-116.0354,33.55,61,18,1.03,few clouds
567,Pulsano,IT,2021-11-24 18:19:20,40.3821,17.3564,58.53,80,0,1.99,clear sky
568,Maniitsoq,GL,2021-11-24 18:19:20,65.4167,-52.9,31.19,75,98,8.77,light snow
569,Khilok,RU,2021-11-24 18:19:21,51.3674,110.4676,4.17,97,40,2.42,scattered clouds
570,Taltal,CL,2021-11-24 18:15:18,-25.4,-70.4833,67.17,63,15,7.83,few clouds
571,Kargasok,RU,2021-11-24 18:19:21,59.0556,80.8572,14.18,92,96,9.6,overcast clouds
572,Los Chiles,CR,2021-11-24 18:19:22,11.0333,-84.7167,80.85,77,91,5.28,overcast clouds
573,Nalut,LY,2021-11-24 18:19:22,30.3333,10.85,68.2,36,80,7.05,broken clouds
574,Shiraoi,JP,2021-11-24 18:19:23,42.55,141.35,32.18,73,55,18.25,broken clouds
575,Mahanje,TZ,2021-11-24 18:19:23,-9.9333,35.3333,76.75,42,85,5.21,overcast clouds
576,Sumenep,ID,2021-11-24 18:19:23,-7.0167,113.8667,80.24,82,100,1.92,overcast clouds
577,Sept-Iles,CA,2021-11-24 18:17:14,50.2001,-66.3821,37.92,56,20,5.99,few clouds
578,Breytovo,RU,2021-11-24 18:19:24,58.2993,37.8617,34.16,86,99,18.54,light rain
579,Santa Cruz,BO,2021-11-24 18:19:24,-17.8,-63.1667,82.45,69,75,8.05,light rain
580,Dnipryany,UA,2021-11-24 18:19:25,46.7463,33.2729,32.85,69,25,2.33,scattered clouds
581,Mercedes,AR,2021-11-24 18:19:25,-34.6515,-59.4307,94.89,14,1,12.03,clear sky
582,Somogyvar,HU,2021-11-24 18:19:26,46.5814,17.6629,36.28,68,2,5.46,clear sky
583,Northam,GB,2021-11-24 18:19:26,51.0333,-4.2167,46.62,87,83,0.43,broken clouds
584,Virginia Beach,US,2021-11-24 18:18:36,36.8529,-75.978,49.01,51,20,9.22,few clouds
585,Novi Iskar,BG,2021-11-24 18:19:26,42.8,23.35,42.17,74,90,14.97,overcast clouds
586,Daru,PG,2021-11-24 18:19:27,-9.0763,143.2092,79.93,86,96,3.8,light rain
587,Barhi,IN,2021-11-24 18:19:27,23.9,80.8,60.69,36,1,3.58,clear sky
588,Abu Zabad,SD,2021-11-24 18:19:28,12.35,29.25,76.1,16,6,12.06,clear sky
589,Tabriz,IR,2021-11-24 18:19:28,38.08,46.2919,44.06,49,40,4.61,scattered clouds
590,Muzhi,RU,2021-11-24 18:19:28,65.3667,64.6667,14.43,78,98,16.96,overcast clouds
591,Lundazi,ZM,2021-11-24 18:19:29,-12.2929,33.1782,81.63,27,90,3.6,overcast clouds
592,Mari-Turek,RU,2021-11-24 18:19:29,56.7895,49.6235,14.67,89,88,9.93,overcast clouds
593,Zunyi,CN,2021-11-24 18:19:30,27.6867,106.9072,45.72,80,6,3.09,clear sky
594,Pareora,NZ,2021-11-24 18:19:30,-44.4871,171.2132,52.54,88,100,3.42,overcast clouds
595,Shaki,AZ,2021-11-24 18:19:30,41.0833,47.1667,54.39,52,90,4.83,overcast clouds
596,Areosa,PT,2021-11-24 18:19:31,41.7178,-8.8571,54.32,69,60,18.12,broken clouds
597,Tongren,CN,2021-11-24 18:19:31,27.7172,109.1853,51.17,78,7,1.16,clear sky
598,Apex,US,2021-11-24 18:19:31,35.7327,-78.8503,51.01,35,20,1.99,few clouds
599,Takoradi,GH,2021-11-24 18:19:32,4.8845,-1.7554,81.39,81,11,7.76,few clouds
600,Seminole,US,2021-11-24 18:15:58,28.7086,-81.2081,73.76,59,75,1.99,broken clouds
601,Nouadhibou,MR,2021-11-24 18:19:33,20.931,-17.0347,78.78,57,99,11.5,overcast clouds
602,West Bay,KY,2021-11-24 18:19:33,19.3667,-81.4167,83.07,74,75,5.99,broken clouds
603,Rongcheng,CN,2021-11-24 18:19:33,30.634,117.8517,45.77,67,6,3.71,clear sky
604,Slobodskoy,RU,2021-11-24 18:19:34,58.7322,50.1772,12.22,97,96,5.64,overcast clouds
605,Najran,SA,2021-11-24 18:19:34,17.4924,44.1277,65.05,26,28,4.85,scattered clouds
606,Boa Vista,BR,2021-11-24 18:19:35,2.8197,-60.6733,94.98,38,40,5.75,scattered clouds
607,Zhigansk,RU,2021-11-24 18:19:35,66.7697,123.3711,-28.95,99,87,4.85,overcast clouds
608,Seymchan,RU,2021-11-24 18:19:35,62.8833,152.4333,-26.88,98,90,0.63,overcast clouds
609,Bumba,CD,2021-11-24 18:19:36,2.1833,22.4667,77.65,58,33,2.44,scattered clouds
610,Saint-Francois,FR,2021-11-24 18:19:36,46.4154,3.9054,38.64,86,50,6.91,scattered clouds
611,Wanlaweyn,SO,2021-11-24 18:19:36,2.6185,44.8938,79.54,73,49,13.82,scattered clouds
612,Maymyo,MM,2021-11-24 18:19:37,22.0333,96.4667,58.41,92,5,2.8,clear sky
613,Honningsvag,NO,2021-11-24 18:19:37,70.9821,25.9704,29.95,64,40,8.05,light snow
614,Nauen,DE,2021-11-24 18:19:38,52.607,12.8737,46.45,91,93,4.76,overcast clouds
615,Vestmannaeyjar,IS,2021-11-24 18:19:38,63.4427,-20.2734,31.19,74,0,11.5,clear sky
616,George,ZA,2021-11-24 18:19:14,-33.963,22.4617,58.55,77,40,11.5,scattered clouds
617,Paamiut,GL,2021-11-24 18:19:38,61.994,-49.6678,34.75,98,100,24.9,moderate rain
618,Haverfordwest,GB,2021-11-24 18:19:39,51.8017,-4.9691,47.16,92,100,5.01,moderate rain
619,Maltahohe,NA,2021-11-24 18:19:39,-24.8333,16.9833,76.24,23,2,22.21,clear sky
620,Yumen,CN,2021-11-24 18:19:40,40.2833,97.2,29.57,28,8,13.69,clear sky
621,Gorno-Altaysk,RU,2021-11-24 18:19:40,51.9561,85.955,29.32,84,99,4.68,overcast clouds
622,Quatre Cocos,MU,2021-11-24 18:19:41,-20.2078,57.7625,77.09,73,14,8.08,few clouds
623,Doume,CM,2021-11-24 18:19:41,4.2333,13.45,73.17,60,30,3.06,scattered clouds
624,Kuusamo,FI,2021-11-24 18:19:41,65.9667,29.1833,12.24,85,40,6.91,scattered clouds
625,Zile,TR,2021-11-24 18:19:42,40.3031,35.8864,38.52,89,100,5.68,overcast clouds
626,Matay,EG,2021-11-24 18:19:42,28.419,30.7792,68.11,45,51,7.36,broken clouds
627,Maseru,LS,2021-11-24 18:19:07,-29.3167,27.4833,61.32,38,100,4.63,overcast clouds
628,Jizan,SA,2021-11-24 18:19:43,17.3333,42.6667,83.34,66,12,4.94,few clouds
629,Nizhniy Tsasuchey,RU,2021-11-24 18:19:43,50.5167,115.1333,-0.42,94,49,1.57,scattered clouds
630,Namibe,AO,2021-11-24 18:19:43,-15.1961,12.1522,71.13,63,2,14.52,clear sky
631,Andenes,NO,2021-11-24 18:19:44,69.3143,16.1194,23.07,79,20,5.75,few clouds
632,Wagga Wagga,AU,2021-11-24 18:19:44,-35.1167,147.3667,66.61,100,75,10.36,light rain
633,Yar-Sale,RU,2021-11-24 18:19:45,66.8333,70.8333,3.25,95,99,3.36,overcast clouds
634,Mamallapuram,IN,2021-11-24 18:19:45,12.6264,80.1722,83.05,80,100,9.73,overcast clouds
635,Kiama,AU,2021-11-24 18:14:50,-34.6833,150.8667,69.58,93,100,8.01,light rain
636,Tuntum,BR,2021-11-24 18:19:45,-5.2581,-44.6489,89.47,53,46,5.12,scattered clouds
637,San Rafael,AR,2021-11-24 18:19:46,-34.6177,-68.3301,69.4,67,65,28.74,light rain
638,Katherine,AU,2021-11-24 18:19:46,-14.4667,132.2667,79.12,73,100,5.75,overcast clouds
639,Murska Sobota,SI,2021-11-24 18:19:47,46.6625,16.1664,32.83,100,1,4.16,clear sky
640,Umarkot,PK,2021-11-24 18:19:47,25.3616,69.7362,74.32,53,3,8.75,clear sky
641,Asyut,EG,2021-11-24 18:19:47,27.181,31.1837,69.01,40,34,6.96,scattered clouds
642,Trairi,BR,2021-11-24 18:19:48,-3.2778,-39.2689,87.91,55,52,14.18,broken clouds
643,Kizukuri,JP,2021-11-24 18:19:48,40.8061,140.3861,43.11,55,96,17.54,overcast clouds
644,Marmande,FR,2021-11-24 18:19:48,44.5,0.1667,50.76,100,100,8.3,overcast clouds
645,Vad,RU,2021-11-24 18:19:49,55.5301,44.2114,22.3,91,99,20.47,light snow
646,Churapcha,RU,2021-11-24 18:19:49,62.0025,132.4325,-26.41,100,88,1.34,overcast clouds
647,Ashland,US,2021-11-24 18:19:10,40.8167,-82.2665,47.82,49,70,15.1,broken clouds
648,Zharkent,KZ,2021-11-24 18:19:51,44.1628,80.0,37.69,57,42,2.06,scattered clouds
649,Londoko,RU,2021-11-24 18:19:51,49.0333,131.9833,8.49,99,100,0.45,overcast clouds
650,Cordoba,AR,2021-11-24 18:19:52,-31.4135,-64.1811,92.75,34,0,7.0,clear sky
651,Waipawa,NZ,2021-11-24 18:19:52,-41.4122,175.5153,52.43,79,48,4.72,scattered clouds
652,Lima,PE,2021-11-24 18:19:34,-12.0432,-77.0282,70.14,68,40,10.36,scattered clouds
653,Abu Dhabi,AE,2021-11-24 18:19:53,24.4667,54.3667,78.96,66,0,9.22,clear sky
654,Praya,CV,2021-11-24 18:19:54,14.9215,-23.5087,84.74,45,0,8.05,clear sky
655,Southbridge,US,2021-11-24 18:19:54,42.0751,-72.0334,43.63,36,0,1.99,clear sky
656,Topolovgrad,BG,2021-11-24 18:19:55,42.0833,26.3333,38.88,76,12,4.88,few clouds
657,San Andres,CO,2021-11-24 18:19:14,12.5847,-81.7006,80.06,80,34,14.65,scattered clouds
658,Mugla,TR,2021-11-24 18:19:55,37.2303,28.3557,47.07,94,41,2.08,scattered clouds
659,Palanga,LT,2021-11-24 18:19:56,55.9175,21.0686,46.42,76,90,6.91,overcast clouds
660,Pergamino,AR,2021-11-24 18:19:56,-33.89,-60.5736,95.25,16,10,12.44,clear sky
661,Vanimo,PG,2021-11-24 18:19:56,-2.6741,141.3028,76.62,87,100,4.25,overcast clouds
662,Casa Nova,BR,2021-11-24 18:17:33,-9.4167,-41.1333,96.78,43,72,3.2,broken clouds
663,Chingirlau,KZ,2021-11-24 18:19:57,51.095,54.0814,8.6,92,37,4.76,scattered clouds
664,Lemon Tree Passage,AU,2021-11-24 18:19:58,-32.7327,152.036,69.84,95,100,1.99,light rain
665,La Ronge,CA,2021-11-24 18:19:58,55.1001,-105.2842,-3.75,54,20,5.75,few clouds
666,Humaita,BR,2021-11-24 18:19:58,-7.5061,-63.0208,94.26,44,88,2.57,overcast clouds
667,Nouakchott,MR,2021-11-24 18:19:59,18.0858,-15.9785,91.33,32,100,7.92,overcast clouds
668,Lere,NG,2021-11-24 18:19:59,10.387,8.5726,77.74,25,98,5.68,overcast clouds
669,Deep River,CA,2021-11-24 18:19:59,46.1001,-77.4995,43.95,44,67,8.99,broken clouds
670,Anito,PH,2021-11-24 18:20:00,12.4497,125.2886,79.43,90,100,10.63,overcast clouds
671,Yarada,IN,2021-11-24 18:20:00,17.65,83.2667,79.12,89,20,3.44,mist
672,Bayburt,TR,2021-11-24 18:20:01,40.2589,40.2278,34.57,99,100,3.42,light snow
673,Ambon,ID,2021-11-24 18:20:01,-3.6954,128.1814,75.34,94,40,8.05,scattered clouds
674,Badiraguato,MX,2021-11-24 18:20:01,25.3667,-107.5167,83.7,33,6,4.0,clear sky
675,Rio Gallegos,AR,2021-11-24 18:20:02,-51.6226,-69.2181,66.25,22,40,12.66,scattered clouds
676,Svetlyy,RU,2021-11-24 18:20:02,54.675,20.1347,44.65,90,100,14.61,overcast clouds
677,Cururupu,BR,2021-11-24 18:18:22,-1.8283,-44.8683,88.72,55,63,8.01,broken clouds
678,Nargana,PA,2021-11-24 18:20:03,9.4428,-78.5906,79.21,78,97,3.8,overcast clouds
679,Sao Filipe,CV,2021-11-24 18:20:03,14.8961,-24.4956,79.68,67,19,2.26,few clouds
680,Sar-E Pul,AF,2021-11-24 18:20:04,35.8333,66.1667,45.99,60,51,5.7,broken clouds
681,Christchurch,NZ,2021-11-24 18:19:02,-43.5333,172.6333,58.91,83,100,5.99,overcast clouds
682,Roald,NO,2021-11-24 18:20:04,62.5833,6.1333,41.16,87,40,5.75,scattered clouds
683,Simplicio Mendes,BR,2021-11-24 18:20:05,-7.8539,-41.9103,93.58,35,73,2.89,broken clouds
684,Ballina,AU,2021-11-24 18:20:05,-28.8667,153.5667,69.98,99,100,9.86,light rain
